cycle,car_avg_speed,traffic_density_per_km,car_traffic_flow,num_cars_exiting
0,0.0,0.0,0.0,0
0,0.0,0.0,0.0,0
1,0.917999999996328,0.0,0.0,0
2,1.8355856050220596,1.3318534961154271,2.4447311054677816,0
3,2.7513641387715193,1.3318534961154271,3.664413947309459,0
4,3.6594544044453605,1.3318534961154271,4.8738571424355515,0
5,5.171864391977237,1.3318534961154271,6.88816567188977,0
6,6.670714290279158,2.6637069922308543,17.768828298190876,0
7,8.124857674752759,2.6637069922308543,21.642240199119446,0
8,9.500975890241966,2.6637069922308543,25.30781591185429,0
9,10.766134572968001,2.6637069922308543,28.677827941313208,0
10,12.516510673211174,2.6637069922308543,33.340316998564724,0
11,14.061576527292281,3.9955604883462823,56.183879576306566,0
12,15.455424339983141,3.9955604883462823,61.75308282346206,0
13,16.706465518005633,3.9955604883462823,66.75169352366291,0
14,17.82253736208565,3.9955604883462823,71.2110260860248,0
15,18.97469026276582,3.9955604883462823,75.81452269251604,0
16,20.22010880573682,4.661487236403996,94.25577911664224,0
17,21.318385766668527,4.8834628190899005,104.1075442545411,0
18,22.301362507759166,4.8834628190899005,108.90787462168738,0
19,23.175724161105357,4.8834628190899005,113.1777872462415,0
20,23.946339490378598,4.8834628190899005,116.94105855456809,0
21,24.829036339548146,4.8834628190899005,121.25167579801537,0
22,25.567126632867634,5.32741398446171,136.20666796644247,0
23,26.210468293238865,5.32741398446171,139.63401532469098,0
24,26.76443810153138,5.32741398446171,142.5852418283581,0
25,27.23342570567147,5.32741398446171,145.0837329491932,0
26,27.640813361559818,5.32741398446171,147.25405564426987,0
27,28.178792542700663,5.771365149833518,162.63010124533125,0
28,28.58486707218027,5.771365149833518,164.9737056330049,0
29,29.191456008405865,5.771365149833518,168.47455187981188,0
30,29.16456352119933,5.771365149833518,168.31934551635572,0
31,29.389108833962403,5.771365149833518,169.615278508995,0
32,29.568003903274736,5.771365149833518,170.64774727750125,0
33,29.810980783534003,5.993340732519423,178.6673654063081,0
34,30.07706111144592,6.215316315205328,186.93844863939754,0
35,30.49913289638832,6.215316315205328,189.56175829053788,0
36,30.897739401072347,6.215316315205328,192.03922380244745,0
37,31.275520728774755,6.215316315205328,194.38725425209617,0
38,30.83171583550565,6.215316315205327,191.62886645819273,0
39,31.25306749014052,7.103218645948945,221.99737173906695,0
40,31.489919910044406,7.547169811320753,237.65977290599548,0
41,31.720149399189495,7.547169811320753,239.39735395614707,0
42,31.85645267308605,7.547169811320753,240.42605791008333,0
43,31.979640497957348,7.547169811320753,241.35577734307427,0
44,31.86430780448198,7.547169811320753,240.48534192061868,0
45,32.142713067937756,7.325194228634849,235.45161625792358,0
46,32.293811435966646,7.991120976692562,258.0637539833072,0
47,32.420769210664915,7.991120976692562,259.07828891985275,0
48,32.50039165816102,7.991120976692562,259.7145615302545,0
49,32.56267530355911,7.991120976692562,260.21227767550005,0
50,32.82646656087057,7.991120976692562,262.32026552526975,0
51,32.61541847920005,8.213096559378465,267.87358129420676,0
52,32.330011190050726,7.991120976692562,258.3530305975196,0
53,32.14120054664432,8.657047724750276,278.24790706306953,0
54,32.18830563796965,8.657047724750276,278.6556980867516,0
55,32.08428460432349,8.657047724750276,277.755183034099,0
56,32.19263192254927,8.657047724750276,278.69315093882824,0
57,32.25255499903039,8.657047724750276,279.2119078717392,0
58,32.563471010396384,8.657047724750276,281.9035226205236,0
59,32.81369638672727,8.43507214206437,276.78589626984154,0
60,32.98362005876786,8.43507214206437,278.21921470214835,0
61,33.205816243713734,8.657047724750274,287.4643359611177,0
62,33.34567191998486,8.87902330743618,296.07699817966574,0
63,33.93454469734807,8.657047724750276,293.77297296261366,0
64,34.34671707513276,8.87902330743618,304.96530144402,0
65,34.47360313636888,8.87902330743618,306.0919257391243,0
66,34.946327459127566,8.87902330743618,310.2892560188906,0
67,35.38416068267382,9.322974472807989,329.88562678630416,0
68,35.83692773621921,9.100998890122085,326.1518395527164,0
69,36.22579672130097,9.544950055493894,345.7734204252923,0
70,36.598060597319446,9.544950055493894,349.32666052935315,0
71,37.1945598855234,9.7669256381798,363.2765005467324,0
72,37.10129130639314,9.7669256381798,362.3655532699885,0
73,35.437099863140546,9.988901220865705,353.97769008686447,0
74,35.455001482740144,9.766925638179801,346.2863629834776,0
75,35.50815230461298,10.21087680355161,362.5693687041503,0
76,34.21524327802714,10.432852386237515,356.96258247886254,0
77,34.079651272846334,10.432852386237515,355.54797110405724,0
78,34.02234324923011,10.432852386237515,354.9500849531222,0
79,33.90997053632589,10.432852386237514,353.77771702715137,0
80,33.65369520879699,10.432852386237514,351.10403436480766,1
81,33.50565177539082,10.210876803551608,342.12208250121586,1
82,33.51164178534624,10.876803551609326,364.4995443911135,1
83,33.489731956051635,11.09877913429523,371.69513824696605,1
84,33.45161438302879,11.09877913429523,371.27207972285015,1
85,33.392621670513755,11.09877913429523,370.6173326361128,1
86,33.1734004902571,11.320754716981137,375.5479300783824,1
87,32.97576030371004,11.542730299667042,380.63030761219153,1
88,32.928405383607604,11.764705882352947,387.39300451303086,1
89,32.69218955493127,11.542730299667044,377.3571269381636,1
90,32.548686624362034,11.764705882352947,382.92572499249474,1
91,31.69625218590796,11.542730299667044,365.86129049216754,1
92,31.508381554824563,11.76470588235295,370.6868418214657,1
93,31.012333145976978,11.76470588235295,364.8509781879647,1
94,30.739570350870462,11.764705882352947,361.64200412788796,1
95,30.185087077468822,11.764705882352947,355.11867149963336,1
96,29.836094635485328,11.986681465038851,357.63576255631705,1
97,29.676275023535403,11.986681465038851,355.7200557760072,2
98,29.46672324130484,11.986681465038851,353.20822531197825,2
99,29.463557057061415,11.986681465038851,353.1702732699927,2
100,29.258577262008785,11.986681465038851,350.7132457599279,2
101,28.98944272361067,11.986681465038851,347.4872157769094,2
102,28.728819506229936,12.208657047724756,350.7403047375466,2
103,28.70821050252888,12.208657047724756,350.48869647926506,2
104,26.657946245415246,12.208657047724756,325.45772330695655,2
105,26.60898106232468,12.208657047724756,324.85992417932476,2
106,26.598300521325044,12.43063263041066,330.633702373852,2
107,26.570322067539724,12.208657047724756,324.38794977018546,2
108,26.586690234007676,12.208657047724758,324.58778310109284,2
109,26.504351892508748,12.208657047724758,323.58254252785395,2
110,26.55232739267463,12.208657047724758,324.1682589560723,2
111,26.36613943434381,12.208657047724758,321.89515402639523,2
112,26.399995753051027,12.208657047724758,322.3084942103901,2
113,26.088638184836775,12.430632630410662,324.2982771034096,2
114,26.156488373764457,12.208657047724756,319.33559612809006,2
115,25.799431847958065,12.430632630410662,320.70325937528355,2
116,24.46341257903644,12.430632630410662,304.09569465616903,3
117,24.38499346578926,12.430632630410662,303.1208954681908,3
118,24.48097702670738,12.430632630410663,304.3140318525226,3
119,24.41873810541615,12.652608213096569,308.96072630604255,3
120,24.59792251001968,12.652608213096569,311.22787637538795,3
121,24.11365623616364,12.652608213096569,305.10064494147133,3
122,24.075367670894643,12.874583795782472,309.96033849320537,3
123,22.70456980181866,12.652608213096569,287.2720263493151,3
124,22.74800635817006,12.430632630410663,282.77211011265797,3
125,22.75051793795648,12.430632630410663,282.80333063830494,3
126,23.072535534650328,12.652608213096569,291.92775260267916,3
127,23.36154471317577,12.652608213096567,295.58447250855045,3
128,23.76492580404211,12.430632630410662,295.4130621590142,3
129,24.072090712269265,13.09655937846838,315.2615653771116,3
130,24.37813930190216,13.09655937846838,319.2697489039353,3
131,24.664646009581304,13.09655937846838,323.02200101338474,3
132,24.936694820760135,13.09655937846838,326.58490442283,4
133,25.46975762680032,12.874583795782474,327.9125288245105,4
134,25.73699077958383,13.09655937846838,337.0660279679128,4
135,25.78565941708175,13.09655937846838,337.70341966877345,4
136,25.940807971445928,13.09655937846838,339.7353319234875,4
137,26.025470075863172,13.318534961154283,346.6211330858583,4
138,26.072631684981936,13.318534961154283,347.2492566257308,4
139,26.119008903932134,13.318534961154283,347.8669332377201,4
140,26.099023387748485,13.09655937846838,341.80740951768297,5
141,26.268339952513315,13.09655937846838,344.0248739618839,5
142,26.36056797981036,13.318534961154283,351.0841462349884,5
143,26.427731051433565,13.318534961154283,351.97865995250055,5
144,26.48424149237449,13.318534961154283,352.73129623584254,5
145,26.40716277447046,13.318534961154283,351.70472063667677,6
146,26.649748557416608,13.09655937846838,349.0200144034586,6
147,26.63304659567374,13.09655937846838,348.80127616975625,6
148,26.807471975793057,13.318534961154283,357.03625272976353,7
149,27.028576686957887,13.318534961154283,359.9810435554882,7
150,27.43994325806776,13.09655937846838,359.3688462210875,7
151,27.43354156935991,13.09655937846838,359.2850061248027,7
152,27.620993943072072,13.09655937846838,361.73998726775886,7
153,27.46015744860443,13.09655937846838,359.6335825677387,7
154,27.537069342285307,13.318534961154283,366.75342076295664,7
155,27.28643575893432,13.318534961154283,363.41534862065714,7
156,27.242077914193704,13.318534961154283,362.8245671146778,7
157,26.919863578430714,13.318534961154283,358.5331442188333,7
158,26.741558801658194,13.318534961154283,356.1583858156477,7
159,26.349560459845517,13.318534961154283,350.937542195501,7
160,26.06129279667588,13.318534961154283,347.098239245406,7
161,25.666243701991846,13.318534961154283,341.8367640664843,7
162,25.3784788566673,13.318534961154285,338.00415791343823,9
163,25.549792404540714,13.09655937846838,334.61437333360783,9
164,25.65604695641095,12.874583795782474,330.3109264088427,9
165,25.756002707622777,13.09655937846838,337.31501881237403,9
166,25.143293886336128,13.318534961154285,334.8718386637445,9
167,25.14683709860113,13.540510543840188,340.5010128778402,9
168,24.96044265516575,13.540510543840188,337.97713695119023,9
169,24.933857938661706,13.540510543840188,337.61716631706224,9
170,22.94497083740011,13.318534961154283,305.5933962805788,9
171,23.014488109788825,13.318534961154283,306.519264503292,9
172,22.893032972574293,13.762486126526094,315.0650486791581,9
173,22.900937042549874,13.762486126526094,315.17382833254015,9
174,22.604745996642393,13.762486126526094,311.0975031724372,9
175,22.522906903836326,13.762486126526094,309.97119379308623,9
176,22.484365575327352,13.762486126526094,309.44076929418355,11
177,23.271466457066474,13.318534961154283,309.941839605769,11
178,23.647344360987724,13.540510543840188,320.19711565377406,11
179,24.234941274639823,13.318534961154283,322.7739126478114,11
180,24.532899073781437,13.318534961154283,326.7422740126276,11
181,25.05979843503746,13.540510543840186,339.32246493613457,12
182,25.50839574213506,13.762486126526094,351.05894251107105,12
183,26.15004233662659,13.540510543840188,354.0849239809597,12
184,26.96875911461148,13.318534961154283,359.1843611269012,12
185,27.17007732283876,13.318534961154283,361.8656247214932,12
186,27.70681733718242,13.540510543840188,375.1644522903727,12
187,28.279394490397234,13.762486126526095,389.19477434065044,12
188,28.806413605964625,13.762486126526095,396.4478676070607,12
189,29.29429611070147,13.540510543840192,396.65972536133,12
190,29.67205731838402,13.318534961154288,395.18833276427154,12
191,29.41205381628867,13.318534961154288,391.725467031592,13
192,29.987993990378232,13.540510543840192,406.05274881533273,13
193,30.43718582348092,13.762486126526097,418.891347626153,13
194,30.76012012636592,13.762486126526097,423.3357264893871,13
195,31.049992126481495,13.540510543840192,420.43274577477763,13
196,31.18459254934989,13.540510543840192,422.25530421983245,13
197,30.157966080742884,13.318534961154288,401.65992560367926,13
198,30.113225366336938,13.318534961154288,401.0640448346767,14
199,30.53575465313217,13.540510543840194,413.4697078448534,15
200,30.915812350611542,13.096559378468383,404.89077218337025,15
201,30.10707053853578,13.318534961154286,400.982071545427,15
202,30.42177466135007,13.318534961154286,405.1734694075485,15
203,30.798081064976074,13.318534961154286,410.1853194003477,15
204,30.93326147314521,13.540510543840192,418.8521531324883,15
205,31.137892216254777,13.540510543840192,421.62295786715725,15
206,31.332390472907896,13.318534961154286,417.3015379299613,15
207,31.29547435385574,13.318534961154286,416.809869307735,16
208,31.242452457548108,13.318534961154286,416.10369532805515,17
209,31.372592630086,13.54051054384019,424.80092129528254,17
210,31.513949452902803,13.54051054384019,426.7149648450772,17
211,31.853656665924497,13.318534961154285,424.24403994572066,17
212,31.12976945622421,13.318534961154285,414.60292283539496,17
213,30.800327426693467,13.54051054384019,417.0521582748731,17
214,30.5528446347681,13.54051054384019,413.70111492138864,17
215,30.1653711449549,13.54051054384019,408.4545260471144,18
216,30.081040580747356,13.54051054384019,407.3126471532942,18
217,29.90970849740948,13.762486126526092,411.6319482440375,18
218,29.62251056695697,13.762486126526092,407.67939071061784,18
219,29.25523356929356,13.540510543840188,396.13079860752686,18
220,28.848382759745963,13.540510543840188,390.62183093107774,18
221,28.588702073630007,13.540510543840188,387.10562186269294,18
222,28.036817674625286,13.318534961154285,373.40933639900527,18
223,27.522924057315077,13.54051054384019,372.67444339538764,19
224,27.173156645454682,13.318534961154286,361.9066367874101,19
225,27.115602518564092,13.318534961154285,361.14010013625904,20
226,26.904089992843833,13.318534961154285,358.32306316773173,20
227,26.852592196165777,13.318534961154283,357.63718796225254,20
228,26.50306299610088,13.540510543840188,358.8650039427647,20
229,26.289762766894544,13.540510543840188,355.97680994019277,20
230,26.15586319326547,13.540510543840188,354.1637413516526,21
231,26.044210507824438,13.540510543840188,352.6519069871902,21
232,25.550507618532166,13.762486126526094,351.63850662574816,21
233,25.532813850851937,13.762486126526094,351.39499639352306,21
234,25.348253083273924,13.762486126526094,348.8549813902297,21
235,25.240930310337088,13.762486126526094,347.37795321662617,21
236,24.11978597907456,13.54051054384019,326.59421636482784,22
237,24.689529388401876,13.318534961154285,328.82836033387656,22
238,25.121787512066135,13.318534961154285,334.58540526614195,22
239,24.709663691788183,13.318534961154285,329.09651975744555,24
240,25.22061579063868,13.318534961154285,335.901653149461,24
241,25.90993455012458,13.09655937846838,339.33099632793596,24
242,26.197407531904382,13.318534961154283,348.91108810527504,24
243,26.868243275705897,13.318534961154283,357.8456374122875,24
244,27.674872622754624,13.318534961154283,368.58875857164895,25
245,28.33089446537144,13.318534961154283,377.3260084178219,25
246,29.15141986538125,13.096559378468378,381.78330123362815,25
247,30.021093857050264,13.096559378468378,393.173038305431,25
248,30.844386926812383,12.874583795782472,397.10864411878345,25
249,31.35785999250222,13.318534961154283,417.640754617122,25
250,31.204152640443127,13.318534961154283,415.5935978749365,25
251,31.54740661629707,13.318534961154283,420.1652379529025,25
252,30.033191866023746,13.318534961154283,399.9981158626917,25
253,30.32111738812888,13.318534961154283,403.8328619950575,25
254,30.588827922835296,13.318534961154283,407.3983741110142,26
255,30.861760959587638,13.318534961154283,411.0334423030543,26
256,31.32681581965074,13.318534961154283,417.2272917156594,27
257,31.87138282139225,13.540510543840188,431.5547951398288,27
258,32.25500390421828,13.540510543840188,436.74922045667404,27
259,32.44235050456356,13.540510543840188,439.28598907400186,27
260,32.49477133368942,13.540510543840188,439.9957938634975,27
261,31.01317216759963,13.540510543840186,419.9341847333138,28
262,31.206728639243092,13.762486126526092,429.48216995184754,28
263,31.710940828689367,13.984461709211997,443.4604377818938,28
264,31.756902847137585,13.762486126526094,437.053934855168,28
265,32.050794207886106,13.984461709211997,448.2131043500169,28
266,32.12111769483805,13.984461709211997,449.1965404605546,28
267,32.29315224825949,13.984461709211997,451.60235108553815,28
268,32.27435044033574,13.984461709211997,451.3394179225645,28
269,32.33314230450714,13.984461709211997,452.16159049588265,29
270,32.555365734945916,13.762486126526094,448.04276927117616,29
271,32.748995910260405,13.540510543840188,443.43812442306023,31
272,33.16522983517699,13.762486126526094,456.43601548967257,31
273,33.72899847931381,13.762486126526094,464.19487363317603,31
274,34.069886908538685,13.762486126526094,468.8863459110766,31
275,34.355942000775634,13.762486126526094,472.8231751494098,31
276,34.53955966737781,13.762486126526094,475.3502107386073,31
277,34.72179713329065,13.762486126526094,477.85825133496604,31
278,34.83601380601214,13.762486126526094,479.4301567087135,31
279,34.9300941673473,13.762486126526094,480.7249363763672,31
280,35.00422044906314,13.318534961154283,466.2049338387991,31
281,34.90952243041457,13.540510543840186,472.692756549454,31
282,34.80217495170544,13.762486126526092,478.96444994577996,31
283,34.667282979573926,13.762486126526092,477.10800105074026,31
284,34.483919189307606,13.762486126526092,474.5844594310928,32
285,34.422320725771804,13.762486126526092,473.73671143126603,32
286,32.47945015383499,13.984461709211995,454.20762701256507,32
287,32.3069872415406,13.984461709211995,451.7958260193249,33
288,32.0855006426521,13.762486126526092,441.5762574571435,33
289,31.927950690182172,13.762486126526092,439.4079784220413,33
290,31.769368551505877,13.540510543840186,430.17346984281016,33
291,31.699984980464656,13.762486126526092,436.27060350473033,34
292,30.289247823687397,13.318534961154285,403.4084060868469,34
293,30.28368912869604,13.096559378468381,396.6121328730451,34
294,30.251394333905946,13.096559378468381,396.18918217546116,34
295,30.360046762930626,13.096559378468381,397.6121551637977,34
296,29.941059561898303,13.096559378468381,392.12486440665964,34
297,29.987393618495062,13.09655937846838,392.73168113012434,34
298,29.885387933016723,13.09655937846838,391.3957576133159,34
299,29.771133815624076,13.09655937846838,389.8994217806486,34
300,29.727886243447518,13.318534961154283,395.93189225457326,34
301,29.65290651746859,13.318534961154283,394.93327215274513,34
302,29.678161015908366,13.540510543840186,401.857452157694,34
303,29.643256383308863,13.318534961154283,394.80474650355893,34
304,29.77274189962801,12.652608213096567,376.70283868563763,34
305,30.10998105525055,12.652608213096567,380.96979359584515,34
306,30.312018912746133,12.87458379578247,390.25462751149314,34
307,30.634870267769166,12.87458379578247,394.4112043353191,35
308,31.356889724805338,12.87458379578247,403.70690433711667,35
309,31.745089627067223,12.87458379578247,408.70481650830186,35
310,31.12046632361268,12.430632630410662,386.84708415589586,35
311,31.498049651405942,12.652608213096567,398.5324817159023,35
312,31.827901066274002,12.652608213096567,402.7059624367634,35
313,32.18166733816449,12.874583795782472,414.32557283319454,35
314,32.27145570310022,12.87458379578247,415.48156066144594,35
315,31.783876669049327,12.430632630410662,395.0936944432327,35
316,32.37703397720919,12.652608213096569,409.65392601574365,35
317,32.48758778071949,12.874583795782474,418.2641712057118,35
318,32.801970372765695,13.09655937846838,429.5929527176865,35
319,32.977434247009064,13.318534961154285,439.21111094795685,35
320,31.92116922213462,13.09655937846838,418.05748814782334,36
321,32.33838260032566,13.318534961154285,430.69987924962066,36
322,32.90123859461779,13.096559378468378,430.89302487956735,36
323,32.8698145411305,13.318534961154283,437.777774132704,37
324,33.38284074839117,13.318534961154283,444.6105316100936,38
325,33.777038968586695,13.096559378468378,442.3629964809359,38
326,34.30287483098672,12.874583795782474,441.63523644777604,38
327,34.545527255905505,12.874583795782474,444.7592854256428,38
328,34.85106806807919,13.09655937846838,456.4290823566424,38
329,34.87903914670119,13.09655937846838,456.7954072486952,38
330,34.93510424256127,13.09655937846838,457.5296671056863,38
331,34.77120752449958,13.09655937846838,455.38318400565527,38
332,34.61217004441435,13.09655937846838,453.300340204317,38
333,34.47260893989301,13.09655937846838,451.47256991202863,38
334,34.01047301745057,13.09655937846838,445.42017936283804,38
335,33.50991835589308,13.09655937846838,438.8646355155812,38
336,32.871797573828374,12.874583795782474,423.21071238225244,38
337,32.3090677528453,13.318534961154286,430.3094484285727,38
338,31.764285871664416,13.318534961154286,423.0537518978617,38
339,31.439060185411886,13.54051054384019,425.70092592899596,38
340,30.550157686711735,13.54051054384019,413.66473227290066,38
341,30.046617099839548,13.54051054384019,406.84653564710635,38
342,29.48752718038424,13.54051054384019,399.276172697767,38
343,28.931891412440393,13.54051054384019,391.7525807233886,39
344,28.523353908321614,13.54051054384019,386.2207743413141,39
345,28.23426336349674,13.318534961154286,376.03902370916893,39
346,28.052094688700386,13.318534961154286,373.61280384506654,39
347,27.91121729109366,13.096559378468381,365.5409145781415,41
348,28.024705916389177,13.096559378468381,367.027225098105,41
349,28.251751190382592,12.65260821309657,357.4583391457956,41
350,27.94119306047352,12.874583795782474,359.7312314112021,41
351,27.94483045048059,13.09655937846838,365.98113131595034,41
352,27.970725324065178,13.318534961154285,372.5290831174056,43
353,28.204919800116286,13.54051054384019,381.90901394164155,43
354,28.060982058965443,13.54051054384019,379.960023439932,43
355,28.26568956288622,13.762486126526094,389.006160465915,43
356,28.038596875754855,13.540510543840188,379.6569166306432,43
357,28.41435409983699,13.09655937846838,372.1302756693416,43
358,28.61495280732751,13.09655937846838,374.7574285532352,43
359,28.129423259296516,13.09655937846838,368.39866199744637,44
360,28.482060805957545,13.318534961154285,379.33932260986774,44
361,28.85544945297223,13.54051054384019,390.71751756521815,44
362,29.043992761664626,13.762486126526095,399.71754744133375,45
363,29.698796937638253,13.762486126526095,408.72928082876217,45
364,30.326802222996697,13.54051054384019,410.6403852614429,46
365,30.32191280208768,13.54051054384019,410.57418000607106,46
366,30.886342995450736,13.984461709211999,431.92888095746906,46
367,30.60044275578192,13.984461709211999,427.93072000316596,46
368,30.657284976234322,13.762486126526092,421.92045916238163,47
369,30.946594489900882,13.762486126526092,425.9020773304897,47
370,31.492810532574833,13.984461709211997,440.410003008261,47
371,31.918102100588573,13.984461709211997,446.3574766563999,48
372,32.38305381978802,13.984461709211997,452.8595761701768,48
373,32.788824661044345,13.762486126526092,451.2557445027194,48
374,33.11464799117649,13.762486126526092,455.73988356336156,48
375,32.237260623077916,13.762486126526092,443.6648520823157,48
376,32.43840251367237,13.540510543840188,439.23253126171284,49
377,32.73218392180688,13.540510543840188,443.21048151614235,49
378,32.95606939503457,13.762486126526094,453.55744783399444,49
379,33.11006673219851,13.762486126526094,455.6768340502352,49
380,33.213043662803656,13.984461709211997,464.46653734886394,49
381,33.26572035333018,13.984461709211997,465.2031925105001,49
382,33.27610613542695,13.984461709211997,465.3484320825526,49
383,33.25217250227652,13.984461709211997,465.0137331061981,49
384,33.200786789584,13.984461709211997,464.29513157464896,50
385,33.327240318414056,13.762486126526094,458.6656825175745,50
386,33.43603620250447,13.984461709211999,467.5849679817499,50
387,33.50164641883255,13.762486126526095,461.0659440549656,51
388,33.88202641843525,13.762486126526095,466.30091852230584,52
389,34.28503383845397,13.762486126526095,471.8473025492005,52
390,34.58272838177916,13.762486126526094,475.9443195716559,52
391,34.87598680394141,13.762486126526092,479.98028453815067,52
392,35.163644781806994,13.762486126526092,483.93917346771036,52
393,35.413070574622935,13.540510543840186,479.5110555054385,52
394,35.61698962992849,13.54051054384019,482.2722236238934,52
395,35.75899740792916,13.54051054384019,484.19508143921877,52
396,35.809316763290674,13.54051054384019,484.87643120105065,52
397,35.822568177079994,13.54051054384019,485.05586210918574,52
398,35.765962189617426,13.54051054384019,484.28938813910435,52
399,35.57058554423966,13.318534961154286,473.7480871596852,53
400,35.71044473791965,13.318534961154283,475.61080672035087,53
401,34.12382932571953,12.87458379578247,439.33010008695527,53
402,32.01714629980797,12.874583795782472,412.2074329387044,53
403,32.0609927851735,13.096559378468378,419.88869574367095,54
404,31.987412755087608,13.096559378468378,418.9250505105816,54
405,32.25515230129812,13.096559378468378,422.43151737549175,54
406,31.947841803050416,13.096559378468378,418.406807187564,54
407,31.901851672868514,13.096559378468378,417.8044947168132,54
408,31.748336353160525,13.318534961154283,422.8413276780539,54
409,31.846106822001975,13.096559378468378,417.07442896739576,54
410,31.845348859803057,13.096559378468378,417.064502270451,54
411,31.861874519789264,12.874583795782472,410.2083733957333,54
412,31.847528979304286,13.09655937846838,417.09305433495103,54
413,32.04744679276161,12.874583795782474,412.5975391742897,54
414,32.13815083637062,12.874583795782474,413.76531598435014,54
415,32.20673971420408,13.096559378468378,421.7974790539494,54
416,30.737732902544213,13.096559378468378,402.55854411767143,55
417,30.988055490859118,12.874583795782472,398.9583170854229,55
418,31.132346038900657,12.874583795782472,400.815997837123,55
419,31.42122052363954,12.652608213096567,397.5603928629201,55
420,31.18729121109822,12.87458379578247,401.5233940607542,55
421,31.507665073425162,12.652608213096567,398.6541418835151,56
422,32.02688762528677,12.652608213096567,405.22366140762415,56
423,31.23036252360733,13.096559378468378,409.0102972015169,56
424,31.956405035954038,12.652608213096567,404.33187281895255,56
425,31.644703456640123,12.652608213096567,400.38803485649015,56
426,32.14729907854562,12.652608213096567,406.74718035007805,57
427,32.81361370749676,12.652608213096567,415.1777982968516,57
428,33.5056802836307,12.652608213096567,423.93424554205353,57
429,34.09628503730735,12.874583795782472,438.97547883769755,57
430,34.56959768118362,13.096559378468378,452.74278872138404,57
431,33.99066535059068,13.096559378468378,445.16076707765853,58
432,34.38715672202863,13.318534961154283,457.9865490170298,58
433,34.669592524138686,13.318534961154283,461.74818012171426,58
434,34.83270428212286,12.874583795782474,448.45657011390176,58
435,34.91749370320045,13.318534961154285,465.04986064195975,58
436,34.930454123819075,13.318534961154285,465.2224744570802,58
437,34.871988268739614,13.318534961154285,464.44379492217064,58
438,34.75910009737466,13.318534961154285,462.94028986514576,58
439,34.57097885278211,13.096559378468381,452.76087731723567,58
440,34.313766824113465,13.096559378468381,449.3922847109204,58
441,33.97448444107542,13.318534961154285,452.49035881565527,58
442,33.66824565076324,13.540510543840188,455.8852352267612,58
443,33.2169153502209,13.762486126526092,457.14733667340676,58
444,32.99347511737583,13.762486126526092,454.07224356876867,59
445,32.37992042750341,13.762486126526092,445.6282056615344,59
446,32.247110710779914,13.540510543840188,436.64234258769727,59
447,31.853119811653098,13.540510543840188,431.30750466389355,60
448,31.705779314795574,13.318534961154285,422.2745302747472,60
449,31.38152194413112,13.318534961154285,417.9558971471407,60
450,31.063214758432615,13.540510543840188,420.611786962129,61
451,30.792191781260662,13.540510543840188,416.9419974821092,61
452,30.556033837866398,13.762486126526094,420.52699177529814,61
453,30.08824358660565,13.762486126526094,414.089034932198,61
454,29.79973989501178,13.762486126526094,410.11850687918576,61
455,29.29714088417408,13.762486126526094,403.2014949653262,61
456,28.935740199956065,13.762486126526094,398.2277230626587,61
457,28.40593282488389,13.540510543840188,384.6308329229564,61
458,27.9481488241997,13.540510543840188,378.4322038348908,61
459,27.3394244288286,13.984461709211999,382.32713407684867,61
460,26.81624423388665,13.984461709211999,375.0107406736649,61
461,26.16497281156246,13.984461709211999,365.90306040586825,61
462,25.58128772908537,13.984461709211999,357.74053871972916,61
463,24.892623851071203,13.984461709211999,348.1099450871226,62
464,24.416225660502167,13.984461709211999,341.447772832772,63
465,24.127020853626494,13.984461709211999,337.4033992848991,63
466,24.02387559527866,13.984461709211999,335.96096836904707,63
467,23.706702184392114,13.984461709211999,331.52546894932397,63
468,23.434541094632955,13.984461709211999,327.7194426108496,64
469,22.968916287221987,13.984461709211999,321.2079303207517,65
470,22.867226758793958,13.984461709211999,319.7858570042221,65
471,22.95074125029299,13.762486126526094,315.8592580506474,65
472,22.992642571963927,13.762486126526094,316.4359244088268,65
473,22.862484645925413,13.762486126526094,314.6446277574643,65
474,22.62705208324452,13.540510543840188,306.38183730919354,65
475,22.430385015579752,13.762486126526094,308.6978625895551,65
476,22.28755025091542,13.984461709211999,311.67939307606497,65
477,22.48923560745151,13.54051054384019,304.5157318656034,65
478,22.453993430017388,13.54051054384019,304.0385347904688,65
479,22.630249427028048,13.54051054384019,306.4251309764067,65
480,22.796496633577977,13.762486126526094,313.7364686530157,65
481,23.03461448523976,13.762486126526094,317.0135622829892,65
482,23.146534855098377,14.206437291897902,328.8297959436842,66
483,23.919122068516455,14.206437291897902,339.80550774363024,67
484,24.064125637277527,13.762486126526095,331.1821952300129,67
485,24.89526772316087,13.54051054384019,337.09463509718415,68
486,25.795002301710515,13.54051054384019,349.2775006446932,68
487,26.818000991122343,13.762486126526095,369.08236658148434,69
488,28.006984837749776,13.762486126526095,385.445740275358,69
489,28.89018887815074,13.984461709211999,404.01374013840143,69
490,29.667809089704065,13.762486126526095,408.302811001477,69
491,30.215821469849324,13.762486126526095,415.84482378039064,70
492,28.953815879043137,13.762486126526095,398.47648934532214,70
493,29.74730983660384,14.206437291897904,422.6032917963702,70
494,30.378553705237568,14.206437291897904,431.57101823201026,70
495,30.85775403615022,14.206437291897904,438.3787476833775,70
496,31.211763359902484,13.984461709211999,436.47970958354233,70
497,30.28105339560154,13.984461709211999,423.4642317253937,71
498,30.67332493496027,13.984461709211999,428.94993804716955,71
499,31.11693272860237,13.984461709211999,435.1535542512655,71
500,31.420835566564982,13.984461709211999,439.4034718520745,72
501,31.528412291756474,14.206437291897902,447.90641213594137,72
502,31.63665241539577,13.762486126526095,435.3989899566126,72
503,31.74158905912847,13.762486126526095,436.84317906014803,72
504,31.78496843543445,13.984461709212,444.49567401384513,72
505,31.73018637849818,13.984461709212,443.72957643626796,72
506,31.573713954196595,13.984461709212,441.5413938100749,73
507,31.49150226132264,13.984461709212,440.3917075390296,73
508,31.343035033152997,14.206437291897904,445.2728617362472,73
509,31.167835982281,13.984461709211999,435.86540885320863,73
510,30.849205363454452,13.984461709211999,431.4095311648462,74
511,30.547376355712174,14.206437291897904,433.9693866294297,74
512,30.424150048360023,14.206437291897904,432.21877982131923,74
513,30.44445187492635,14.206437291897904,432.50719644734477,75
514,30.281883819947986,14.206437291897904,430.1976835686288,75
515,30.47118341582604,14.206437291897904,432.88695640685205,75
516,30.510817468409595,14.206437291897904,433.45001508950406,75
517,30.530915525691896,13.984461709212,426.9584191162245,75
518,30.486477104475874,13.984461709212,426.3369717163112,75
519,30.418982890687946,13.984461709212,425.39310146800057,75
520,30.27053781510062,13.984461709212,423.3171769925285,75
521,30.10324937382499,13.984461709212,420.9777381911157,75
522,29.913665816900792,13.984461709212,418.32651419861304,75
523,29.702360456423186,13.984461709212,415.37152247606275,76
524,29.62170806221594,13.984461709212,414.24364215751524,76
525,29.688962075915324,13.54051054384019,402.003704024603,77
526,29.845332184017746,13.318534961154286,397.49610012010356,77
527,30.090158648541554,13.096559378468381,394.0775494481584,78
528,30.401341836621896,13.318534961154286,404.9013341170512,78
529,30.633427876540438,13.54051054384019,414.7922531562638,78
530,30.655895676340656,13.318534961154286,408.2916183308416,78
531,30.793100739055664,13.54051054384019,416.95430523471634,79
532,30.945878380018808,13.54051054384019,419.0229924930409,79
533,31.259412808065424,13.762486126526094,430.2072350943525,79
534,31.2787633202778,13.762486126526094,430.4735462502165,79
535,31.41184857244291,13.762486126526094,432.305130186784,79
536,31.632813381332117,13.762486126526094,435.34615530357223,79
537,32.02486663191428,13.318534961154285,426.5243058634536,79
538,32.252517500924114,13.318534961154285,429.55628192129825,79
539,32.617086291479,13.318534961154285,434.41180410404917,79
540,33.09654015242341,13.096559378468381,433.4508033280761,79
541,33.610432284115134,13.318534961154285,447.6417174354961,80
542,34.19717527947192,13.54051054384019,463.0472124412406,81
543,33.56803997142548,13.096559378468383,439.6258287045739,81
544,34.504222908259145,13.096559378468381,451.88660412592486,81
545,35.313793848838,13.096559378468381,462.4891980202984,81
546,35.64849183247621,13.096559378468381,466.8725900368698,81
547,35.726739700785444,13.318534961154285,475.8278317529697,81
548,35.840046857837,13.318534961154285,477.33691708550987,81
549,35.85098185243055,13.318534961154285,477.4825551933041,81
550,35.60058448212272,13.096559378468381,466.24516857830025,81
551,35.282452800348,13.540510543840188,477.74242415565584,81
552,34.93685009823455,13.762486126526094,480.81791478147477,81
553,34.54573302529944,13.762486126526094,475.43517149135783,81
554,34.1134430646818,13.762486126526094,469.4857869057211,81
555,33.88136507817339,13.762486126526094,466.29181683612694,81
556,33.15758631301797,13.762486126526094,456.33082162200134,81
557,32.697768458644155,13.762486126526094,450.0025847804527,81
558,32.196846043049234,13.762486126526094,443.10864698536164,82
559,31.8643836324271,13.540510543840188,431.46002254784787,82
560,31.71570681724507,13.762486126526094,436.4869750653043,82
561,31.52170440235474,13.54051054384019,426.81997081989806,82
562,31.27067832609312,13.54051054384019,423.4209495874988,82
563,30.98251650751929,13.318534961154285,412.6417292899354,82
564,30.74628181777226,13.318534961154285,409.4954293155022,82
565,30.477635153304693,13.318534961154285,405.91744932259337,84
566,30.720247759117353,13.318534961154285,409.148693795126,84
567,30.777731294130998,13.09655937846838,403.08238542813103,85
568,30.91345253992177,13.09655937846838,404.8598667825496,85
569,31.088615510020553,13.09655937846838,407.1538990213572,85
570,31.245466466512596,13.09655937846838,409.2081068866248,85
571,31.079274556835703,13.09655937846838,407.0315646733203,85
572,31.09721301496589,13.09655937846838,407.2664967553805,85
573,30.98791229467965,12.874583795782474,398.95647349421114,86
574,31.21314917512366,13.096559378468378,408.7848615609983,86
575,31.283252452924728,13.318534961154285,416.64709149289354,86
576,31.247141473846884,13.318534961154285,416.16614615556375,86
577,31.104910862219914,13.318534961154285,414.2718427820636,86
578,30.90637589995642,13.318534961154285,411.62764794614577,86
579,30.68410646915769,13.318534961154285,408.667344761257,86
580,30.343850572539015,13.096559378468381,397.400040794629,86
581,30.06860066978494,13.096559378468381,393.7952140992926,86
582,29.616605772754966,13.318534961154285,394.44979941516084,87
583,29.525962124019806,13.318534961154285,393.24255881047503,87
584,29.188887677365432,13.318534961154281,388.7532210081969,87
585,28.9724603773681,13.096559378468378,379.4395476725237,87
586,28.800297016563658,13.318534961154283,383.5777627067305,87
587,28.262850134159486,13.318534961154283,376.4197576136671,88
588,28.165049438356853,13.318534961154283,375.11719562739455,89
589,28.096101767001397,13.540510543840186,380.4355622168893,89
590,27.78020207657635,13.540510543840186,376.15811912789314,89
591,27.72302298059754,13.540510543840186,375.3838849759048,89
592,27.432759983523944,13.540510543840186,371.4535758035431,89
593,27.56530313123274,13.318534961154285,367.1294534681389,89
594,27.60129692449726,13.540510543840188,373.7356520298189,89
595,27.183050773971825,13.762486126526095,374.1063591534417,89
596,27.13502697037098,13.984461709211999,379.46874564558783,89
597,27.219424259806928,13.984461709211999,380.64899630806616,89
598,27.241288720441176,13.984461709211999,380.9547590205984,89
599,27.28014164314695,14.206437291897902,387.55362156745974,89
600,27.34493841287143,13.984461709211997,382.4042441755608,89
601,27.310040909412248,13.762486126526094,375.85405913064614,89
602,27.338381530227036,14.2064372918979,388.38100287115014,89
603,27.341045300822614,14.2064372918979,388.41884556107624,89
604,27.54010557521672,13.76248612652609,379.02032090198395,90
605,27.92400658838906,13.76248612652609,384.30375326972757,90
606,28.316403376313435,13.540510543840186,383.4185584806039,91
607,28.944126110507373,13.540510543840186,391.91824478156514,92
608,29.708338958206003,13.540510543840186,402.26607690356656,92
609,30.512473311915567,13.76248612652609,419.9274906412356,92
610,31.0010893833883,13.984461709211995,433.5335474258522,92
611,30.58324070727337,13.540510543840185,414.1126932616374,92
612,30.86043638320932,13.540510543840185,417.866064234355,92
613,30.949914784384607,13.540510543840185,419.07764746891496,92
614,31.225883855025746,13.76248612652609,429.74579334330684,92
615,31.000916467174896,13.76248612652609,426.64968278908873,92
616,31.138793702335242,13.540510543840185,421.6351644489347,92
617,31.323755187154177,13.540510543840185,424.13963738432983,92
618,31.48046014955945,13.76248612652609,433.24939606496935,92
619,31.703371789211115,13.76248612652609,436.3172144131166,92
620,31.88122086304522,13.540510543840186,431.6880072465615,92
621,31.986084643025215,13.762486126526092,440.2080461415238,92
622,30.37134508094166,13.540510543840188,411.2435182990994,94
623,30.83226461638699,13.318534961154285,410.64059422491033,94
624,31.52718370445234,13.318534961154283,419.8958983944821,94
625,32.023765874059414,13.540510543840188,433.6181394711711,94
626,32.31597603989386,13.540510543840188,437.5748143026697,94
627,32.45595284728233,13.540510543840188,439.4701717390064,94
628,32.461434480961195,13.540510543840188,439.54439585763254,95
629,32.29251627280793,13.318534961154283,430.089006963036,95
630,32.45166664327869,13.318534961154285,432.20865673623155,95
631,32.576918869632955,13.096559378468381,426.64555234369504,95
632,32.65704227511341,13.096559378468381,427.6948932811749,95
633,32.69379681982938,13.096559378468381,428.1762513584762,95
634,32.68754541274208,13.096559378468381,428.0943794343584,95
635,32.63677330297654,13.096559378468381,427.42943948404394,95
636,32.53877467595667,13.096559378468381,426.14599464626974,95
637,32.383470841047824,12.874583795782476,416.9237089413486,95
638,32.16830063061794,12.65260821309657,407.0129047603162,95
639,31.90565112089466,13.096559378468381,417.85425441349315,96
640,31.761472626606107,13.096559378468381,415.966012201945,96
641,31.720233686803066,12.874583795782478,408.38480662254824,96
642,31.643806325014953,12.874583795782478,407.4008361489166,97
643,31.541527755177302,12.874583795782478,406.084042131029,98
644,31.558422118630507,12.874583795782478,406.3015500289836,98
645,31.52848702743714,12.874583795782476,405.91614818898023,98
646,31.483902997143975,13.09655937846838,412.33080506803464,98
647,31.387349423368345,13.09655937846838,411.06628545587876,98
648,31.26380383397203,12.874583795782474,402.50846223537826,99
649,31.18313281837114,12.874583795782474,401.46985648513373,99
650,31.11546405498648,13.096559378468378,407.50552258472885,99
651,30.846838097977912,13.096559378468378,403.98744678816826,99
652,30.743778364652307,13.096559378468378,402.63771887114035,99
653,30.17787760234654,13.096559378468378,395.2263659352824,99
654,29.67102312433643,13.318534961154285,395.174558814692,99
655,29.048436833969273,13.318534961154285,386.88262154010164,101
656,27.102847325923744,13.540510543840188,366.98638998476133,101
657,25.460844908241807,13.09655937846838,333.4494671667631,101
658,25.397315519195512,13.09655937846838,332.6174507508405,101
659,25.33301295306997,13.09655937846838,331.77530837538944,101
660,25.45956797064284,13.09655937846838,333.43274367767566,101
661,25.70291940821553,13.096559378468381,336.61981022968206,101
662,25.983022641026253,13.096559378468381,340.28819885028867,101
663,26.439301771964956,12.874583795782474,340.3950061651429,101
664,27.11743950250281,12.65260821309657,343.10633776751644,101
665,27.707033141646228,12.874583795782474,356.7165199146465,101
666,27.7696497243144,13.096559378468381,363.6868665337517,101
667,28.141467042671042,13.096559378468381,368.5563941215523,101
668,28.70897678797123,13.096559378468381,375.9888191987357,101
669,29.14824996300979,13.096559378468381,381.74178641899647,101
670,29.606389835950836,13.096559378468381,387.7418424686129,101
671,29.980717323429595,13.318534961154285,399.299231832581,101
672,30.380406784760687,13.54051054384019,411.36621839520615,102
673,30.79015007019792,13.54051054384019,416.91435167193674,102
674,31.195929595521033,13.318534961154283,415.48407896365444,103
675,31.833993587354165,13.318534961154283,423.9821565463377,103
676,30.80054709044574,13.318534961154285,410.2181632467805,104
677,31.317733302093743,13.540510543840188,424.0580979861753,104
678,31.828927404643533,13.318534961154286,423.9146824147867,104
679,32.21242479233895,13.096559378468383,421.8719340173141,104
680,32.515394093003835,13.318534961154286,433.05741300338116,104
681,32.70969829043336,13.318534961154286,435.6452602499453,104
682,32.85232566258398,13.762486126526095,452.12967615542925,104
683,32.85761017443278,13.762486126526095,452.2024041764338,104
684,32.731828551857674,13.762486126526095,450.471336340772,105
685,32.634295560366915,13.762486126526095,449.12903989850184,105
686,32.5576339810073,13.318534961154285,433.61998642851046,105
687,32.32639133679325,13.540510543840188,437.7158427401531,105
688,31.98864374243041,13.540510543840188,433.1425678775264,105
689,31.581752045144462,13.540510543840188,427.633046560225,106
690,31.293939437579873,13.540510543840188,423.73591691284656,106
691,31.137822825945225,13.540510543840188,421.622018286939,106
692,30.939571301858184,13.540510543840188,418.93759143470606,106
693,30.659563548409945,13.540510543840188,415.14614349678317,106
694,30.324050442370797,13.540510543840188,410.6031247468635,106
695,29.8839536514438,13.540510543840188,404.64398950900625,106
696,29.684456713525844,13.762486126526094,408.5319236933638,106
697,29.00705208280302,13.762486126526094,399.2091518609964,106
698,28.619539913545157,13.762486126526094,393.876021007725,106
699,28.050008971621516,13.762486126526094,386.03785932087357,106
700,27.583481401537384,13.762486126526094,379.61728010994875,106
701,27.135905469502593,13.762486126526094,373.457522554753,106
702,26.315845832118058,13.762486126526094,362.1714631723243,106
703,25.79538013594205,13.984461709211997,360.7345057856494,107
704,25.257824758613523,13.984461709211997,353.2170831948176,109
705,24.980967506540825,13.762486126526092,343.8002187359672,110
706,25.011879371367456,13.540510543840188,338.67361634925993,110
707,25.041671605975207,13.540510543840188,339.07701841609077,110
708,25.180155584500582,13.540510543840188,340.9521621874665,110
709,25.15531743313934,13.540510543840188,340.6158409370702,110
710,25.074653090535726,13.540510543840188,339.52360455553395,110
711,24.86894641657532,13.540510543840188,336.7382311678348,110
712,24.706318402328257,13.540510543840188,334.53616482619867,110
713,24.405515708610995,13.540510543840188,330.4631427803045,110
714,24.042007025901473,13.762486126526092,330.8777881478118,110
715,23.586821943013483,13.984461709211995,329.8490083040733,111
716,22.869942636884367,13.984461709211995,319.8238370973842,111
717,22.997148961149605,13.318534961154285,306.288332445944,111
718,23.21484899389348,13.318534961154285,309.18777794308767,111
719,22.569201724478052,13.318534961154285,300.5887022128045,112
720,22.87637420901744,13.318534961154285,304.67978968724697,112
721,22.82911492290594,13.318534961154283,304.0503652329317,112
722,23.357776728764456,13.540510543840188,316.2762220765001,113
723,23.806112342894995,13.540510543840188,322.3469151868137,113
724,23.82464651950668,13.318534961154283,317.30938760719243,114
725,23.429996092460037,13.318534961154283,312.0532220971372,114
726,23.848856849197862,13.540510543840188,322.92569762509896,115
727,24.565666481738273,13.318534961154283,327.1786878810871,115
728,25.33567392589278,13.318534961154285,337.434058946408,115
729,26.014410540341185,13.762486126526094,358.02296415119974,115
730,26.568032061919066,13.762486126526092,365.64217266126155,115
731,27.12669574776555,13.984461709211997,379.35223798207124,116
732,26.607275393818774,13.984461709211997,372.0884239313172,117
733,27.099241169783944,13.984461709211997,378.9683004875449,117
734,27.653378287956002,13.762486126526094,380.5792350395724,118
735,28.11563370761999,13.762486126526094,386.94101883960946,118
736,28.589845923222573,13.762486126526094,393.46735787786923,118
737,29.04441808213256,13.762486126526094,399.7234009083729,118
738,29.403961041754876,13.762486126526094,404.6716059020652,118
739,29.957228054476108,13.762486126526094,412.2859354889057,118
740,30.088033063410784,13.762486126526094,414.0861376096493,118
741,30.370062971046973,13.540510543840188,411.226157876552,118
742,30.61467269646687,13.540510543840188,414.538298442726,119
743,30.93027888718907,13.318534961154283,411.9460007172798,119
744,31.04757804314895,13.318534961154285,413.50825362684543,119
745,31.479795763572646,13.762486126526094,433.24025246204343,119
746,31.13200730530438,13.762486126526094,428.4538186301605,119
747,31.108154201638627,13.762486126526094,428.125540621886,119
748,31.18919294990223,13.984461709211997,436.16407454913247,119
749,30.93145411184184,13.984461709211997,432.5597356373002,119
750,30.518778250671936,13.984461709211997,426.78868585845356,120
751,30.52912503455396,13.762486126526094,420.1566597430293,120
752,30.5287212155277,14.206437291897902,433.70436355022736,120
753,30.285149300383868,14.206437291897902,430.24407441166903,120
754,30.221382983566514,14.206437291897902,429.338182230468,120
755,29.83990607485638,14.206437291897902,423.91875444857044,120
756,29.719995897876036,14.206437291897902,422.2152580386388,120
757,29.23067366643574,14.206437291897902,415.2637324421507,121
758,29.17727694347627,13.984461709211999,408.02851219511797,121
759,28.81012698444719,14.206437291897904,409.2892623761647,121
760,28.65390438587623,14.206437291897904,407.069895825989,122
761,28.381739983434453,14.206437291897904,403.20340930961305,122
762,28.4880417821348,13.984461709212,398.3899294726957,122
763,27.98797910501232,13.984461709212,391.3968221122704,122
764,27.933845340704067,14.206437291897904,396.8404221542868,122
765,27.547619302108753,14.206437291897904,391.3535261564843,122
766,27.427503269802028,14.206437291897904,389.6471052757672,122
767,27.020519526908405,14.206437291897904,383.8653162535271,122
768,26.86292683676977,14.206437291897904,381.62648558341107,122
769,26.401136566237582,14.206437291897904,375.06609106308696,122
770,26.16767202982108,14.206437291897904,371.74939176660394,122
771,25.661776009241766,14.206437291897904,364.5624116740232,122
772,25.63143805554134,14.206437291897904,364.1314174372136,122
773,25.450492000848325,13.984461709212,355.9114308664697,122
774,25.223954863054278,13.984461709212,352.7434309372744,122
775,24.933915324661083,13.984461709212,348.6873841184572,122
776,24.86062963994614,13.984461709212,347.6625232667277,123
777,24.976974923191836,13.54051054384019,338.20099230071105,124
778,25.482501887451576,13.318534961154285,339.3895922857039,124
779,25.925529571475614,13.318534961154285,345.2900719841372,125
780,26.3345738172951,13.318534961154285,350.73794207274307,125
781,26.7871743022912,13.318534961154285,356.765917455599,125
782,27.23761384708358,13.762486126526095,374.85728269016283,125
783,27.16467132145157,13.762486126526095,373.8534121931186,125
784,27.712767906239677,13.318534961154285,369.09346822960754,125
785,27.931745604560707,13.096559378468381,365.8097648544025,125
786,28.297379884326823,13.096559378468381,370.59831591016297,125
787,28.865780122727923,13.318534961154285,384.44990174554425,125
788,29.409350450456397,13.318534961154285,391.68946215924205,125
789,29.909397112121123,13.762486126526095,411.62766280832665,125
790,30.34826194308938,13.54051054384019,410.9309608276257,125
791,31.26890921452631,13.096559378468381,409.51512622798094,125
792,30.20308599365906,13.096559378468381,395.55650912894254,126
793,30.464655383605304,13.54051054384019,412.50698743616545,126
794,30.880233149060935,13.762486126526095,424.98878029784237,126
795,31.145938681102827,13.762486126526095,428.64554899631014,126
796,31.380474612748902,13.762486126526095,431.8733465017611,126
797,28.76468222893092,13.318534961154286,383.10342591250986,126
798,28.521709802742574,13.318534961154286,379.8673891597239,126
799,29.057844838995305,13.318534961154286,387.0079223839556,126
800,28.74130159435794,13.54051054384019,389.17189728209456,126
801,29.144240044129347,13.762486126526095,401.09719927547644,126
802,29.200753201415687,13.762486126526095,401.87496081859587,126
803,29.394158821752505,13.984461709212,411.06148851729404,126
804,29.40800682381788,13.762486126526097,404.72728592157836,126
805,29.41066823441863,13.762486126526097,404.76391354804815,126
806,29.21364946796824,13.984461709212002,408.53716237114344,126
807,27.531423949906866,13.984461709212002,385.0121440275548,126
808,27.284812350281047,13.762486126526097,375.5068514356108,127
809,27.49723521275953,13.540510543840192,372.32660332482425,127
810,27.381890716006744,13.762486126526097,376.8428910970965,127
811,27.251995488511355,13.984461709212,381.1044874087052,127
812,27.21807091484906,13.984461709212,380.6300705073235,127
813,27.05671196435285,13.984461709212,378.37355244267064,127
814,26.815068550676486,13.762486126526097,369.0420089105314,127
815,26.71386500665494,13.762486126526097,367.64919653997964,127
816,26.525936714159794,13.762486126526097,365.0628360217334,127
817,26.52530335074827,13.762486126526097,365.0541193665693,127
818,25.682328884569227,13.762486126526097,353.4526949707644,128
819,25.84831963196627,13.984461709212,361.4748361407051,128
820,25.751182417968653,13.762486126526097,354.4002907689364,128
821,25.935915649826708,13.762486126526097,356.94267930949115,128
822,25.803189539679828,13.762486126526097,355.1160380599669,128
823,25.927828155450626,13.762486126526097,356.831375280342,129
824,25.87571114795914,13.984461709212,361.8578917472647,129
825,26.269568925247842,13.984461709211999,367.36578075263384,129
826,26.2860348209835,13.984461709211999,367.596047441057,129
827,26.3819595537441,13.984461709211999,368.93750319331406,129
828,26.484349904285747,14.206437291897902,376.2482561319177,129
829,26.789420845183425,13.984461709211997,374.6356300214333,129
830,26.704316545072523,13.984461709211997,373.4454921952431,129
831,26.757037430910156,13.984461709211997,374.18276540451524,129
832,26.6316190068243,13.984461709211997,372.4288562552569,129
833,26.553247120007768,13.984461709211997,371.3328676049924,129
834,26.410319995814753,14.206437291897902,375.19655487949956,129
835,26.19879511986819,14.206437291897902,372.19153999368825,129
836,24.84360738398685,14.206437291897902,352.9391504051409,129
837,24.861093828407117,13.984461709211999,347.6690146924861,129
838,24.87808516101852,13.984461709211999,347.9066293327787,129
839,24.414707873349098,13.984461709211999,341.4265473964472,130
840,24.430691419817855,13.762486126526095,336.2270517266833,130
841,24.34179791895281,13.762486126526094,335.0036561542898,130
842,24.44884109517326,13.984461709212,341.9038821300593,130
843,24.931953720697077,13.984461709212,348.65995214293395,131
844,25.623612022324146,13.762486126526095,352.64460496872334,131
845,26.343610840452786,13.318534961154286,350.85830198161347,131
846,27.093372075004467,13.318534961154286,360.84402319650826,131
847,27.856940524272314,13.540510543840192,377.1971968880384,131
848,28.54537390866476,13.096559378468381,373.84618437541013,131
849,29.280499231418357,13.318534961154285,389.97335269369654,131
850,29.92796549199229,13.318534961154283,398.59665472131826,131
851,29.576429271961867,13.54051054384019,400.4799524061433,131
852,29.880851538503702,13.54051054384019,404.60198531603277,131
853,30.275959509625796,13.54051054384019,409.9519489649668,131
854,30.415433390772417,13.54051054384019,411.8404965232229,133
855,30.634096949869633,13.762486126526095,421.6013342712362,133
856,31.05911002462383,13.54051054384019,420.5562067707115,133
857,31.21863799318869,13.096559378468381,408.85674619270463,133
858,31.35177002296608,13.54051054384019,424.518972564025,134
859,31.401553065439312,13.54051054384019,425.19306037553827,134
860,31.62156806170335,13.54051054384019,428.1721757522544,134
861,31.967754018378802,13.540510543840188,432.85971034874774,134
862,32.231038620373205,13.540510543840188,436.4247182780837,134
863,32.198789204796675,13.540510543840188,435.988044726437,134
864,32.25741043831307,13.762486126526094,443.94216363494166,134
865,32.21414305956897,13.762486126526094,443.3466969352448,135
866,32.3587809695711,13.762486126526094,445.33727416501887,135
867,32.482944851705795,13.762486126526092,447.0460778703131,135
868,32.67314687829321,13.762486126526092,449.6637306224596,135
869,31.401080714385856,13.762486126526092,432.15693768966133,136
870,31.36897570110745,13.984461709211997,438.6782395493387,136
871,31.342662168728452,13.984461709211995,438.31025896335046,136
872,31.252429842494777,13.984461709211995,437.04840845220247,136
873,31.053539703071852,13.762486126526092,427.3739093430535,136
874,30.862127105176263,13.762486126526092,424.7395961200732,136
875,30.704891120988542,13.984461709211997,429.3913741669877,137
876,30.880236276453502,13.984461709211997,431.8434817794833,137
877,29.988885300289365,13.984461709211997,419.37841818384715,137
878,29.834705197624974,13.984461709211997,417.2222924418146,137
879,29.38761228479321,13.984461709211997,410.96993872185874,137
880,29.014950461968468,13.984461709211997,405.75846373008096,137
881,28.4775711057503,13.984461709211997,398.243502699727,138
882,28.318180152214534,13.762486126526094,389.72856147331913,138
883,28.03177831356155,13.762486126526094,385.78696014224585,138
884,27.750728329845955,13.762486126526094,381.9190136404996,138
885,27.26763585543234,13.762486126526094,375.270460163553,138
886,27.07262802286841,13.762486126526094,372.58666757332804,138
887,26.47677381944197,13.984461709211999,370.26342966145296,138
888,26.23487573493073,13.984461709211999,366.88061516107376,138
889,25.801650288857203,13.984461709211999,360.82219049900226,138
890,25.62533225779231,13.762486126526094,352.66827968548824,139
891,25.39638322068674,13.762486126526094,349.5173717386413,139
892,25.47464280732432,13.984461709211997,356.24916689487975,139
893,25.351702242139435,13.984461709211997,354.52990926854284,140
894,25.36214014295918,13.984461709211997,354.67587769288116,140
895,25.23602686211318,14.428412874583806,364.1158148806566,141
896,25.555627566021133,14.428412874583806,368.7271457916481,141
897,26.281274446609697,13.762486126526092,361.69567495889066,141
898,26.396235197600785,13.540510543840186,357.4185010107989,142
899,27.10087422261969,13.762486126526092,372.9754055055321,143
900,27.800809821780668,13.540510543840186,376.43715851911696,143
901,28.624202086430092,13.540510543840186,387.58631016031893,143
902,29.374236832088847,13.762486126526092,404.2625268789145,143
903,28.59187538904517,13.762486126526092,393.49528837309697,143
904,29.56483084999954,13.318534961154281,393.76023329633153,143
905,30.540285257591393,13.096559378468376,399.97265931140805,143
906,30.201168661313904,13.096559378468376,395.53139867203583,143
907,30.923457103828,13.318534961154281,411.8551445570879,144
908,31.775582495127956,13.318534961154281,423.2042063724037,144
909,32.398200586709564,13.540510543840186,438.6881766457902,144
910,32.63566370085251,13.540510543840186,441.90354844661584,144
911,32.851133547769784,13.540510543840188,444.8211201806789,145
912,31.857909574649035,13.540510543840188,431.37236050024256,145
913,32.13107362427686,13.540510543840186,435.0711411944261,145
914,32.24004891949102,13.318534961154283,429.3902186835655,145
915,32.21450961622099,13.540510543840188,436.20090712308144,145
916,32.08169478474387,13.540510543840188,434.4025264970871,145
917,31.86796619257092,13.540510543840188,431.50853224124916,145
918,31.595810815860407,13.540510543840188,427.8234094933377,145
919,31.28401185516568,13.540510543840188,423.60149237849237,145
920,31.01866183119307,13.540510543840188,420.00851758108297,145
921,30.700186049883783,13.318534961154285,408.88150121931824,145
922,30.58491918742014,13.540510543840188,414.1354207397625,146
923,29.93877213684112,13.540510543840188,405.38625978852605,147
924,30.062801129653018,13.318534961154285,400.39246787551224,147
925,30.169609904241884,13.318534961154285,401.8150042740321,147
926,30.13583957200795,13.318534961154285,401.3652329235247,147
927,30.033436180476773,13.318534961154285,400.0013697732759,147
928,29.85595228974305,13.318534961154285,397.63754436949716,147
929,29.483822701909936,13.318534961154285,392.68132344386186,147
930,29.169946453315095,13.318534961154285,388.5009516534755,148
931,29.016067383845563,13.096559378468381,380.0106494221731,148
932,28.943928086137316,13.096559378468381,379.06587282621604,148
933,28.80404069461934,13.54051054384019,390.0214167306951,149
934,28.696108334006997,13.54051054384019,388.5599574638021,149
935,28.22403741711759,13.54051054384019,382.16787623622076,149
936,28.080131262418337,13.54051054384019,380.21931343119206,149
937,27.93303107774252,13.54051054384019,378.2275018295883,149
938,27.651586279563386,13.54051054384019,374.41659557233476,149
939,27.33596059369679,13.54051054384019,370.1428626449513,149
940,27.150973092675013,13.54051054384019,367.6380374368873,150
941,27.0061975994811,13.54051054384019,365.6777033448055,150
942,27.172707763288482,13.54051054384019,367.93233597349587,150
943,27.311917478064927,13.318534961154286,363.75472778776856,150
944,27.26413825481889,13.318534961154286,363.1183785325494,150
945,27.29456510962117,13.318534961154286,363.5236196619916,150
946,27.13767810848214,13.54051054384019,367.4580165632435,150
947,27.089008738063207,13.762486126526094,372.812106938939,151
948,27.17128402579343,13.984461709211999,379.9757810488319,152
949,25.597147181654858,13.984461709211999,357.9623246269162,152
950,25.761000868847372,13.984461709211999,360.2537302413731,152
951,25.945937234103933,14.206437291897902,368.59933029581646,152
952,25.973850215482614,14.206437291897902,368.99587431540255,153
953,26.21327876431714,14.206437291897902,372.3973009803104,153
954,26.319257121220534,14.428412874583806,379.74510829729985,153
955,26.45273515568183,14.428412874583806,381.67098448819536,153
956,26.844388097482714,14.206437291897902,381.3631161462586,153
957,27.06168007770604,13.984461709211999,378.4430288336253,153
958,27.2644020890525,13.984461709212,381.2779870389144,153
959,27.0195969609052,13.984461709212,377.85451909811974,153
960,25.518931968011223,13.984461709212,356.868526966639,153
961,25.69051882338683,13.762486126526097,353.5654088901188,153
962,25.965857566101498,14.206437291897906,368.88232724317373,154
963,26.640964449727516,14.206437291897906,378.47319085073536,154
964,27.22971101724804,13.984461709212,380.79285107361335,154
965,27.84277879846347,13.984461709212,389.36627398517214,154
966,28.38969928427132,14.206437291897906,403.31648261783937,154
967,29.40678334864568,14.428412874583811,424.29321146769615,154
968,30.225888509143804,14.206437291897906,429.4021896970489,155
969,29.305518501562382,14.428412874583811,422.8321204442968,155
970,30.129509512311646,13.984461709212,421.34497209226095,155
971,31.120061861117737,14.206437291897904,442.1052073499527,155
972,31.992426225644916,14.206437291897904,454.49839699029445,155
973,32.71624615219526,14.206437291897904,464.7812993874581,155
974,33.35194065957672,14.206437291897906,473.81225354337676,155
975,33.863099985768805,14.206437291897906,481.0740064570934,156
976,34.471045267551986,14.206437291897906,489.71074297965134,156
977,34.76908258036078,14.206437291897906,493.9447913747153,156
978,33.447398642818364,13.984461709212002,467.7438655932429,156
979,33.90276982969189,13.984461709212002,474.1119865195542,156
980,33.918484863568615,13.762486126526097,466.80267736764847,156
981,33.488989462372125,13.762486126526097,460.89175286727504,157
982,33.703066110218316,13.984461709212002,471.3192375013887,157
983,34.00622132540114,13.984461709212002,475.5587000000609,157
984,34.141938190763554,13.984461709212002,477.4566273070158,157
985,34.34354800436591,13.984461709212002,480.2760320255393,157
986,34.61799430004158,13.762486126526097,476.4296662824818,157
987,34.92169081908313,13.984461709212,488.36104808040835,157
988,35.004880514083354,13.984461709212,489.52441118473996,157
989,35.10783158364168,14.206437291897906,498.7572078475183,157
990,34.37843641574957,13.984461709212,480.76392767862933,157
991,34.43354045156314,13.984461709212002,481.5345279574873,157
992,34.46443681538822,13.984461709212002,481.96659697435297,157
993,34.32828086840007,13.762486126526099,472.4424891988473,157
994,34.354182691293936,13.762486126526099,472.79896267707585,157
995,34.15776777113616,13.540510543840195,462.51361465911395,157
996,34.09313102128058,13.762486126526099,469.2062426902105,158
997,34.16204900278924,13.762486126526099,470.15472545459164,158
998,34.26602172183795,13.540510543840194,463.9794284200039,159
999,34.33632770993914,13.540510543840194,464.9314073931831,159
1000,34.45082597026535,13.540510543840192,466.48177229438147,159
